Image,Accuracy
Baboon,0.9960389503218353
house,0.9956840542045665
Jet,0.9953125
Lena,0.9957229129662523
Peppers,0.9973345771973079
Sailboat,0.9966748516472274
Splash,0.9976935749588138
Tiffany,0.9910530146791217
