Image,Accuracy
Baboon,0.9960389503218353
house,0.9957229129662523
Jet,0.9910530146791217
Lena,0.9966748516472274
Peppers,0.9929706601466992
Sailboat,0.992514512679499
Splash,0.9953125
Tiffany,0.9976935749588138
