Image,SSIM,PSNR
Baboon.png,0.9969351468675341,46.75804222919894
house.png,0.991192814154744,46.679161744737
Jet.png,0.9933517331561863,48.83911766737462
Lena.png,0.9938190165142116,48.8817229901234
Peppers.png,0.9899125534533658,46.79008029825997
Sailboat.png,0.992994913599122,46.78618870500102
Splash.png,0.9882584873086842,46.72661045561089
Tiffany.png,0.9891497489780269,44.67745495359074
