Image,SSIM,PSNR
Baboon.png,0.9981750130557073,48.80369117937679
house.png,0.9960638928889216,48.931418758260754
Jet.png,0.9945787986182172,48.83911766737462
Lena.png,0.9945710097342099,48.8817229901234
Peppers.png,0.9925811746387847,47.49548884363954
Sailboat.png,0.9959448007664554,48.65892753255251
Splash.png,0.9922927889183906,47.693840523000176
Tiffany.png,0.9902375447437537,44.756882868954484
