Image,SSIM
Baboon.png,0.9970854674849035
house.png,0.9921677857858576
Jet.png,0.9945787986182172
Lena.png,0.9945710097342099
Peppers.png,0.990995162856024
Sailboat.png,0.9933794838450857
Splash.png,0.9891903390029451
Tiffany.png,0.9891497489780269
